{"cameraMode":{"drawMode":0,"name":"Shaded","section":"Shading Mode"},"sceneLighting":true,"audioPlay":false,"sceneViewState":{"showFog":true,"showMaterialUpdate":false,"showSkybox":true,"showFlares":true,"showImageEffects":true,"showParticleSystems":true},"in2DMode":false,"pivot":{"x":-0.45588165521621706,"y":0.275598406791687,"z":-3.3362743854522707},"rotation":{"x":-0.11211098730564118,"y":0.08989892154932022,"z":-0.0101798539981246,"w":-0.9895840883255005},"size":5.568815231323242,"orthographic":false}