{"cameraMode":{"drawMode":0,"name":"Shaded","section":"Shading Mode"},"sceneLighting":false,"audioPlay":false,"sceneViewState":{"showFog":true,"showMaterialUpdate":false,"showSkybox":false,"showFlares":true,"showImageEffects":true,"showParticleSystems":true},"in2DMode":false,"pivot":{"x":-0.20689311623573304,"y":0.2940993905067444,"z":-2.1151323318481447},"rotation":{"x":-0.018307926133275033,"y":-0.009902249090373516,"z":0.00018323039694223553,"w":-0.9997999668121338},"size":3.0283381938934328,"orthographic":true}